{
  "marketing_stripe": {
    "text": "Cashback | receba 15% de volta para a próxima compra",
    "link": "",
    "background": "#deaa1b",
    "color": "#000000"
  },
  "contacts_stripe": {
    "pages": [],
    "phone_wpp": false,
    "socials": false
  },
  "categories_list": {
    "featured": [
      "/blazer?blazer",
      "/vestidos?Vestido",
      "/calca?Calça",
      "/saia?Saia"
    ],
    "random": 6,
    "full_width": true
  },
  "desktop_megamenu": true,
  "search_input": true,
  "alphabetical_order_submenu": true,
  "full_width_submenu": true
}